<?xml version="1.0" encoding="UTF-8"?>
<project-private xmlns="http://www.netbeans.org/ns/project-private/1">
    <editor-bookmarks xmlns="http://www.netbeans.org/ns/editor-bookmarks/2" lastBookmarkId="0"/>
    <open-files xmlns="http://www.netbeans.org/ns/projectui-open-files/2">
        <group>
            <file>file:/C:/Users/Ivan/Documents/NetBeansProjects/hombre%20de%20hojala/src/hombre/de/hojala/Alta_C_J.java</file>
            <file>file:/C:/Users/Ivan/Documents/NetBeansProjects/hombre%20de%20hojala/src/hombre/de/hojala/Consulta_C_J.java</file>
            <file>file:/C:/Users/Ivan/Documents/NetBeansProjects/hombre%20de%20hojala/src/hombre/de/hojala/Consulta_C_S.java</file>
            <file>file:/C:/Users/Ivan/Documents/NetBeansProjects/hombre%20de%20hojala/src/hombre/de/hojala/Registro_T_S.java</file>
            <file>file:/C:/Users/Ivan/Documents/NetBeansProjects/hombre%20de%20hojala/src/hombre/de/hojala/Registro_T_J.java</file>
            <file>file:/C:/Users/Ivan/Documents/NetBeansProjects/hombre%20de%20hojala/src/hombre/de/hojala/Alta_C_S.java</file>
            <file>file:/C:/Users/Ivan/Documents/NetBeansProjects/hombre%20de%20hojala/src/hombre/de/hojala/Login.java</file>
            <file>file:/C:/Users/Ivan/Documents/NetBeansProjects/hombre%20de%20hojala/src/hombre/de/hojala/Inicio_jefe.java</file>
            <file>file:/C:/Users/Ivan/Documents/NetBeansProjects/hombre%20de%20hojala/src/hombre/de/hojala/Consulta_T_J.java</file>
            <file>file:/C:/Users/Ivan/Documents/NetBeansProjects/hombre%20de%20hojala/src/hombre/de/hojala/Inicio_secretaria.java</file>
            <file>file:/C:/Users/Ivan/Documents/NetBeansProjects/hombre%20de%20hojala/src/hombre/de/hojala/HombreDeHojala.java</file>
            <file>file:/C:/Users/Ivan/Documents/NetBeansProjects/hombre%20de%20hojala/src/hombre/de/hojala/Consulta_Empleados.java</file>
            <file>file:/C:/Users/Ivan/Documents/NetBeansProjects/hombre%20de%20hojala/src/hombre/de/hojala/Alta_Empleados.java</file>
            <file>file:/C:/Users/Ivan/Documents/NetBeansProjects/hombre%20de%20hojala/src/hombre/de/hojala/Consulta_T_S.java</file>
        </group>
    </open-files>
</project-private>
